"","Progres Keseluruhan","","Total Tugas","","","","","","","","","","","","","","","","","","","","","",""
"","52%","","37","","","","","","","","","","","","","","","","","","","","","",""
"","Kategori","Tugas","PIC","","","Status","","","","","","","","","","","","","","","","","","",""
"1","A. Dealing Vendor","DP Venue Svarnabumi","Bride & Groom","10/08/2026","100%","Done","","","","","","","","","","","","","","","","","","",""
"2","A. Dealing Vendor","DP Documentation (FG,VG)","Bride & Groom","04/10/2026","50%","Working on It","","","","","","","","","","","","","","","","","","",""
"3","A. Dealing Vendor","WCC","Bride & Groom","30/08/2026","50%","Working on It","","","","","","","","","","","","","","","","","","",""
"4","A. Dealing Vendor","Mencari Vendor Decoration","Bride & Groom","15/08/2026","100%","Done","","","","","","","","","","","","","","","","","","",""
"5","A. Dealing Vendor","Souvenir","Bride & Groom","16/08/2026","50%","Working on It","","","","","","","","","","","","","","","","","","",""
"6","A. Dealing Vendor","Mencari Vendor Handbouqet","Bride & Groom","30/08/2026","100%","Done","","","","","","","","","","","","","","","","","","",""
"7","A. Dealing Vendor","DP & Kontak MUA + Hairdo","Bride","20/08/2026","50%","Working on It","","","","","","","","","","","","","","","","","","",""
"8","A. Dealing Vendor","Lock & DP Bridal","Wedding Organizer & Planner","12/09/2026","50%","Working on It","","","","","","","","","","","","","","","","","","",""
"9","A. Dealing Vendor","Entertaintment","Wedding Organizer & Planner","12/09/2026","0%","Not yet Started","","","","","","","","","","","","","","","","","","",""
"10","A. Dealing Vendor","Soundsystem","Wedding Organizer & Planner","12/09/2026","100%","Done","","","","","","","","","","","","","","","","","","",""
"11","A. Dealing Vendor","Order Hotel Room","Wedding Organizer & Planner","","","","","","","","","","","","","","","","","","","","","",""
"","Kategori","Tugas","PIC","","","Status","","","","","","","","","","","","","","","","","","",""
"1","B. Documentation","Pas Foto","Bride & Groom","22/08/2026","100%","Done","","","","","","","","","","","","","","","","","","",""
"2","B. Documentation","Submit Dokumen Gereja","Bride & Groom","29/08/2026","100%","Done","","","","","","","","","","","","","","","","","","",""
"3","B. Documentation","Catatan Sipil","Bride & Groom","26/09/2026","0%","Not yet Started","","","","","","","","","","","","","","","","","","",""
"","B. Documentation","","","","","","","","","","","","","","","","","","","","","","","",""
"","B. Documentation","","","","","","","","","","","","","","","","","","","","","","","",""
"","B. Documentation","","","","","","","","","","","","","","","","","","","","","","","",""
"","B. Documentation","","","","","","","","","","","","","","","","","","","","","","","",""
"","Kategori","Tugas","PIC","","","Status","","","","","","","","","","","","","","","","","","",""
"1","C. Internal Preparation","Bimbingan Pra Nikah","Bride & Groom","05/09/2026","50%","Working on It","","","","","","","","","","","","","","","","","","",""
"2","C. Internal Preparation","Pre-Wedding Photoshoot","Bride & Groom","22/08/2026","100%","Done","","","","","","","","","","","","","","","","","","",""
"3","C. Internal Preparation","Fitting Satin Bridal","Bride & Groom","23/08/2026","100%","Done","","","","","","","","","","","","","","","","","","",""
"4","C. Internal Preparation","Wedding Ring ","Bride & Groom","16/08/2026","100%","Done","","","","","","","","","","","","","","","","","","",""
"5","C. Internal Preparation","Pasphoto couple","Bride & Groom","22/08/2026","100%","Done","","","","","","","","","","","","","","","","","","",""
"6","C. Internal Preparation","Request Pastor directly","Bride & Groom","16/08/2026","100%","Done","","","","","","","","","","","","","","","","","","",""
"7","C. Internal Preparation","Confirmation Pastoral team for D-Day","Bride & Groom","10/09/2026","0%","Not yet Started","","","","","","","","","","","","","","","","","","",""
"8","C. Internal Preparation","Ring Box","Groom","06/09/2026","0%","Not yet Started","","","","","","","","","","","","","","","","","","",""
"9","C. Internal Preparation","List Photo Family","Bride & Groom","12/09/2026","0%","Not yet Started","","","","","","","","","","","","","","","","","","",""
"10","C. Internal Preparation","Nama Pemberi Ulos","Bride","12/09/2026","0%","Not yet Started","","","","","","","","","","","","","","","","","","",""
"11","C. Internal Preparation","Technical Meeting All Vendor (Offline)","Wedding Organizer & Planner","26/09/2026","0%","Not yet Started","","","","","","","","","","","","","","","","","","",""
"","Kategori","To Do","PIC","","","Status","","","","","","","","","","","","","","","","","","",""
"10","D. Buying Needs Item","Casual White Dress for Pre-wedd","Bride","17/08/2026","100%","Done","","","","","","","","","","","","","","","","","","",""
"11","D. Buying Needs Item","Booking Nail Art","Bride","31/08/2026","100%","Done","","","","","","","","","","","","","","","","","","",""
"12","D. Buying Needs Item","Socks","Groom","01/10/2026","0%","Not yet Started","","","","","","","","","","","","","","","","","","",""
"13","D. Buying Needs Item","Groom Corsage","Groom","04/09/2026","100%","Done","","","","","","","","","","","","","","","","","","",""
"14","D. Buying Needs Item","Dasi Family","Groom","20/09/2026","0%","Not yet Started","","","","","","","","","","","","","","","","","","",""
"15","D. Buying Needs Item","Shoes","Groom","06/09/2026","0%","Not yet Started","","","","","","","","","","","","","","","","","","",""
"16","D. Buying Needs Item","Alat Makan Gubukan","Bride & Groom","07/09/2026","0%","Not yet Started","","","","","","","","","","","","","","","","","","",""
"17","D. Buying Needs Item","Order rice box utk Pdt dan tim gereja","Bride & Groom","05/10/2026","0%","Not yet Started","","","","","","","","","","","","","","","","","","",""
"18","D. Buying Needs Item","Order gift bag utk Pdt","Bride & Groom","05/10/2026","0%","Not yet Started","","","","","","","","","","","","","","","","","","",""
"29","A. Dealing Vendor","Wedding Cake","Bride & Groom","2026-09-30","0","Not yet Started","","","","","","","","","","","","","","","","","","",""
"30","A. Dealing Vendor","Handbouquet & Corsage","Bride","2026-08-30","1","Done","","","","","","","","","","","","","","","","","","",""
"31","A. Dealing Vendor","Souvenir","Bride & Groom","2026-08-29","0,5","Working on It","","","","","","","","","","","","","","","","","","",""
"32","A. Dealing Vendor","Entertaiment","Bride & Groom","2026-09-05","0","Not yet Started","","","","","","","","","","","","","","","","","","",""
"33","A. Dealing Vendor","Digital Invitation","Bride & Groom","2026-08-30","0,5","Working on It","","","","","","","","","","","","","","","","","","",""
"34","A. Dealing Vendor","Invitation Letter","Bride & Groom","2026-09-05","0","Not yet Started","","","","","","","","","","","","","","","","","","",""
"35","C. Internal Preparation","Menunjuk perwakilan masing-masing keluarga","Bride & Groom","2026-10-03","0","Not yet Started","","","","","","","","","","","","","","","","","","",""
"36","C. Internal Preparation","PIC Doa Makan","Family","2026-10-03","0","Not yet Started","","","","","","","","","","","","","","","","","","",""
"37","C. Internal Preparation","Tentukan jml booking room hotel keluarga","Bride & Groom","2026-09-12","0,5","Working on It","","","","","","","","","","","","","","","","","","",""
"40","D. Buying Needs Item","Beli keranjang rotan","Bride & Groom","2026-09-30","0","Not yet Started","","","","","","","","","","","","","","","","","","",""
"41","D. Buying Needs Item","Beli merchandise mini","Bride & Groom","2026-10-03","0","Not yet Started","","","","","","","","","","","","","","","","","","",""
"42","D. Buying Needs Item","Order snack box [15 pcs]","Bride & Groom","2026-10-04","0","Not yet Started","","","","","","","","","","","","","","","","","","",""
"43","C. Internal Preparation","List lagu pemberkatan","Bride & Groom","2026-09-01","0,5","Working on It","","","","","","","","","","","","","","","","","","",""
"44","A. Dealing Vendor","Dekorasi","Wedding Organizer & Planner","2026-10-09","1","Done","","","","","","","","","","","","","","","","","","",""